	giver_subreddits_at_request	giver_user_flair	giver_username	number_of_downvotes_of_request_at_retrieval	number_of_upvotes_of_request_at_retrieval	post_was_edited	request_id	request_number_of_comments_at_retrieval	request_text	request_title	request_url	requester_account_age_in_days_at_request	requester_has_verified_email	requester_num_pizza_given_at_request	requester_num_pizza_received_at_request	requester_num_pizza_related_comments_at_request	requester_num_pizza_related_posts_at_request	requester_received_pizza	requester_subreddits_at_request	requester_user_flair	requester_username	unix_timestamp_of_request
0	['Random_Acts_Of_Pizza', 'LetsNotMeet']		bobbyshark	0	8	True	dphb2r	8	"hello! i've had a rough week, work is stressful and home is stressful and all that jazz. i would be really grateful if someone could help me with a pizza! i'm short on cash until payday next week. thank you!

edit: should include in in sanford, fl, us. all the major chains are nearby but only dominos and papa john's are the only ones open right now"	[REQUEST] really stressful week	https://www.reddit.com/r/Random_Acts_Of_Pizza/comments/dphb2r/request_really_stressful_week/	1939.0	True	1	1	15	3	1	['MapsWithoutNZ', 'transtimelines', 'CongratsLikeImFive', 'Showerthoughts', 'OTMemes', 'Random_Acts_Of_Pizza', 'SVExchange', 'offmychest', 'CrappyDesign', 'assholedesign', 'quityourbullshit', 'oddlysatisfying', 'HomeworkHelp', 'traaaaaaannnnnnnnnns', 'dadjokes', 'Tiresaretheenemy', 'breathinginformation', 'WatchPeopleDieInside', 'explainlikeimfive', 'Assistance', 'AbsoluteUnits', 'me_irl', 'CircleofTrust', 'LateStageCapitalism', 'PrequelMemes', 'antiMLM', 'AmItheAsshole', 'OopsDidntMeanTo', 'IncelTears', 'ShitMomGroupsSay', 'Layer', 'BlackPeopleTwitter', 'madlads', 'OutOfTheLoop', 'JellesMarbleRuns', 'todayilearned', 'HumansBeingBros', 'IsTodayFridayThe13th', 'FreeKarma4U', 'SampleSize', 'mildlyinteresting', 'redditrequest', 'sports', 'CGPGrey', 'pokemon', 'AteTheOnion', 'lgbt', 'mildlyinfuriating', 'talesfromcallcenters', 'borrow', 'Wellthatsucks', 'Games', 'SubredditDrama', 'AskReddit', 'legaladvice', 'Disneycollegeprogram', 'Minecraft', 'MikeWazowskiObscured', 'TheMonkeysPaw', 'therewasanattempt']	Trader (Got 2 Gave 1) Fish: 150	GojiraWho	1572489316.0
1	['TrueOffMyChest', 'transitiongoals', 'wholesomememes', 'Catswithjobs', 'greentext', 'bipolar', 'NotHowGirlsWork', 'trashy', 'vaxxhappened', 'facepalm', 'rubberducks', 'insaneparents', 'actuallychildfree', 'dogswithjobs', 'teenagers', 'traaaaaaannnnnnnnnns', 'PetTheDamnKitty', 'SuicideWatch', 'TwoSentenceHorror', 'AbsoluteUnits', 'holdmyfries', 'childfree', 'raisedbynarcissists', 'TrollXChromosomes', 'LucidDreaming', 'TwoSentenceSadness', 'AmItheAsshole', 'hitmanimals', 'morbidquestions', 'Floof', 'antinatalism', 'badwomensanatomy', 'news', 'confession', 'CatsInSinks', 'TrollXSupport', 'AskOuija', 'perfectlycutscreams', 'BlushBlush', 'AnimalsBeingDerps', 'AskReddit', 'BrandNewSentence', 'MadeMeSmile']		SanaeKojima	0	3	False	dpccso	14	"i posted on r/borrow as im trying to pay my light bill and borrow money for groceries, but i dont get paid until the 12th of november. if anyone could help id really appreciate it. thanks guys!

quincy, fl usa 32351 

pizza hut is the only nearby pizza chain. sorry for the edit just read the rules"	[Request] could use a nice pie if possible	https://www.reddit.com/r/Random_Acts_Of_Pizza/comments/dpccso/request_could_use_a_nice_pie_if_possible/	495.0	True	0	0	0	1	1	['cursedimages', 'pyrocynical', 'GiftofGames', 'Random_Acts_Of_Pizza', 'snapchat', 'Idubbbz', 'bicuckold', 'Tally4Tally', 'askgaybros', 'ksi', 'daddit', 'u_pookumz123', 'RandomKindness', 'niceguys', 'pics', 'AnimalsBeingJerks', 'Sexsells', 'fsu', 'r4r', 'Tallahassee', 'Assistance', 'OkBubbyRetard', 'GaySnapchat', 'Freefood', 'ShitPostCrusaders', 'DirtySnapchat', 'Needafriend', 'entitledparents', 'boomershumor', 'Tallahassee4r', 'RandomActsOfBlowJob', 'Animemes', 'BlackPeopleTwitter', 'funny', 'mildlyinteresting', 'evangelion', 'drunk', 'dankmemes', 'mildlyinfuriating', 'borrow', 'happy', 'redditbay', 'whiteknighting', 'vagabond', 'FREE', 'hardwareswap', 'MakeNewFriendsHere', 'BabyBumps', 'PewdiepieSubmissions']	Recipient (Got 1) Fish: 115	pookumz123	1572467430.0
2	['tfc', 'reddit.com', 'picrequests', 'PictureGame', 'canada', 'BigBrother', 'beer', 'olympics', 'aww', 'MakeupAddicts', 'politics', 'pics', 'harrypotterwu', 'photography', 'Favors', 'survivor', 'LadyBoners', 'videos', 'toronto', 'travel', 'FantasyPL', 'funny', 'solotravel', 'vancouver', 'hockey', 'AskReddit', '2XLookbook', 'entertainment']		shpooey	0	58	False	dofjc3	24	"with rent coming up on friday, i’ve already got less than i need; which is a different problem i’m working on at the moment. 

i don’t have anything left in my cupboards expect a sack of rice, and a sack of oatmeal. if anyone’s able to help me out, i’d greatly appreciate it."	[Request] Vancouver, Canada. Low-income youth looking for something to eat over the next few days.	https://www.reddit.com/r/Random_Acts_Of_Pizza/comments/dofjc3/request_vancouver_canada_lowincome_youth_looking/	391.0	True	0	0	1	5	1	['GetEmployed', 'bannersaga', 'Smite', 'ElderScrollsBlades', 'GendryWinsTheThrone', 'playblackdesert', 'Showerthoughts', 'Random_Acts_Of_Pizza', 'relationships', 'iosgaming', 'PicturesYouCanSmell', 'CrappyDesign', 'WinStupidPrizes', 'idlechampions', 'pathofexile', 'relationship_advice', 'wallstreetbets', 'happycowgifs', 'gambitcardgame', 'dontyouknowwhoiam', 'classicwow', 'PublicFreakout', 'afkarena', 'xboxone', 'gaming', 'ComedyCemetery', 'Frugal', 'natureismetal', 'amateur_boxing', 'mountandblade', 'nottheonion', 'Tinder', 'BlackDesertMobile', 'vancouver', 'TIHI', 'AskOuija', 'borrow', 'elderscrollsonline', 'survivingtheaftermath', 'underlords', 'AskReddit', 'starterpacks', 'TheSimpsons', 'Grobbulus', 'DragaliaLost', 'TheMonkeysPaw', 'DotA2', 'freebies', 'whatsthisplant']	Recipient (Got 1) Fish: 175	Pd0xG	1572297375.0
3	['TrueOffMyChest', 'transitiongoals', 'wholesomememes', 'Catswithjobs', 'greentext', 'bipolar', 'NotHowGirlsWork', 'trashy', 'vaxxhappened', 'facepalm', 'rubberducks', 'insaneparents', 'actuallychildfree', 'dogswithjobs', 'teenagers', 'traaaaaaannnnnnnnnns', 'PetTheDamnKitty', 'SuicideWatch', 'TwoSentenceHorror', 'AbsoluteUnits', 'holdmyfries', 'childfree', 'raisedbynarcissists', 'TrollXChromosomes', 'LucidDreaming', 'TwoSentenceSadness', 'AmItheAsshole', 'hitmanimals', 'morbidquestions', 'Floof', 'antinatalism', 'badwomensanatomy', 'news', 'confession', 'CatsInSinks', 'TrollXSupport', 'AskOuija', 'perfectlycutscreams', 'BlushBlush', 'AnimalsBeingDerps', 'AskReddit', 'BrandNewSentence', 'MadeMeSmile']		sanaekojima	0	4	False	dofige	8	"hi i have tried to refrain from making a request unless i was really desperate. my nephew had a car accident two weeks ago in my car and since then we have been ubering into work with a cost of $60 a day between this and child support and utilities i have been unable to keep food in the house i have eaten the last of my can goods and literally have nothing to eat.  i hate to ask because i have been accused of looking for the easy way out.

i have pizza hut dominos etc in the area."	[Request] 37343 broke no car and no food in my house	https://www.reddit.com/r/Random_Acts_Of_Pizza/comments/dofige/request_37343_broke_no_car_and_no_food_in_my_house/	1196.0	True	0	1	7	6	1	['askwomenadvice', 'Showerthoughts', 'Random_Acts_Of_Pizza', 'relationships', 'EliteDangerous', 'LifeProTips', 'WritingPrompts', 'RandomKindness', 'pics', 'Jokes', 'ANormalDayInRussia', 'food', 'hybrid', 'pcmasterrace', 'Vaping', 'xboxone', 'AmItheAsshole', 'gaming', 'UpliftingNews', 'videos', 'AskWomen', 'Chattanooga', 'dataisbeautiful', 'Food_Pantry', 'todayilearned', 'funny', 'personalfinance', 'mildlyinteresting', 'tifu', 'pokemon', 'TwoXChromosomes', 'startrek', 'FortNiteBR', 'AskReddit', 'sto', 'u_tvacnaar', 'BetterEveryLoop', 'Neverwinter', 'buildapc', 'Damnthatsinteresting', 'BitLifeApp', 'Futurology']	Recipient (Got 2) Fish: 140	tvacnaar	1572297277.0
4	['Random_Acts_Of_Pizza', 'LetsNotMeet']		bobbyshark	0	21	False	doeex3	20	been struggling this month im living from paycheck to paycheck i hope someone can help me	[request] im struggling right now even pizza i cant afford i hope someone out there can help me and i can do the same in the future for someone else	https://www.reddit.com/r/Random_Acts_Of_Pizza/comments/doeex3/request_im_struggling_right_now_even_pizza_i_cant/	307.0	True	0	0	0	1	1	['Repsneakers', 'nextfuckinglevel', 'TalesFromTheFrontDesk', 'ComedyCemetery', 'sex', 'sweatcoin', 'PokemonSwordAndShield', 'Sneakers', 'travisscott', 'confusing_perspective', 'pcmasterrace', 'Random_Acts_Of_Pizza', 'PublicFreakout', 'trashy', 'yeezys', 'fightporn']	Recipient (Got 1)	bxsmack09	1572293078.0
5	['Random_Acts_Of_Pizza', 'LetsNotMeet']		bobbyshark	0	34	False	doe5we	15	"it’s been a rough couple of months looking for a job after graduating welding school and have been stretching my savings to the point it’s almost gone. it broke my heart to hear one say to the other that he wishes he could have pizza. we are far from starving but it would be nice to surprise them.

san antonio texas and we have papa johns pizza hut dominoes etc..."	[Request] Dad of 3 would really like the boys to have something else for dinner besides sandwiches.	https://www.reddit.com/r/Random_Acts_Of_Pizza/comments/doe5we/request_dad_of_3_would_really_like_the_boys_to/	1852.0	True	0	0	1	1	1	['marvelstudios', 'FlashTV', 'americandad', 'yugioh', 'myfriendwantstoknow', 'INJUSTICE', 'FanTheories', 'CiscosList', 'Showerthoughts', 'gifs', 'Random_Acts_Of_Pizza', 'sydneegoodman', 'SanEntonio', 'LifeProTips', 'MortalKombat', 'Yugioh101', 'woahdude', 'IASIP', 'trashyboners', 'illegallifeprotips2', 'cowboys', 'thanosdidnothingwrong', 'pics', 'Jokes', 'dadjokes', 'FlarrowPorn', 'photoshopbattles', 'rickandmorty', 'WWE', 'Newbraunfels', 'ArcherFX', 'unexpectedbobsburgers', 'gendersnap', 'me_irl', 'SquaredCircle', 'CircleofTrust', 'c137', 'legal', 'misfitstv', 'ddpyoga', 'videos', 'Animorphs', 'ihavesex', 'LegendsOfTomorrow', 'ImGoingToHellForThis', 'interestingasfuck', 'BlackPeopleTwitter', 'OutOfTheLoop', 'SimplySidney', 'todayilearned', 'funny', 'FrontPage', 'mildlyinteresting', 'nottheonion', 'StonerEngineering', 'cakeday', 'Marvel', 'trees', 'arrow', 'MrYeasty', 'movies', 'zarisfaces', 'Wellthatsucks', 'AskReddit', 'NSFWFunny', 'FUCKYOUINPARTICULAR', 'nostalgia', 'Fiveheads', 'IllegalLifeProTips', 'brooklynninenine', 'gonewild', 'KingOfTheHill', 'WrestleWithThePlot', 'shield', 'sanantonio', 'legaladvice', 'MilitaryStories']	Recipient (Got 1)	banditjoe	1572292122.0
6	['hardware', 'reactiongifs', 'archlinux', 'Dota2Modding', 'greentext', 'MW2', 'Random_Acts_Of_Pizza', 'relationships', 'starcraft', 'siacoin', 'buildapcsales', 'runescape', 'teenagers', 'AllThingsTerran', 'Monitors', 'watercooling', 'blackops2', 'pcmasterrace', 'ProgrammerHumor', 'LateStageCapitalism', 'RocketLeague', 'programming', 'webdev', 'Android', 'educationalgifs', 'WTF', 'BlackPeopleTwitter', 'madlads', 'battlefield_4', 'libgdx', 'essential', 'wholesomegreentext', 'EtherMining', 'Blacklight', 'learnpython', 'happy', '2meirl4meirl', 'androiddev', 'AskReddit', 'NSFWFunny', 'battlefield3', 'BorderlandsGuns', 'hardwareswap', 'airsoftmarket', 'buildapc', 'DotA2', 'rollerblading']		ICanHazTehCookie	0	5	False	dod4ch	11	"
like the title says, just started working a new big box retail job & haven’t had a day off in weeks, of course i wake up sick with no energy and a sore throat.
save this mama from having to cook the kids lunch/dinner today. we would love a cheese pizza but i don’t get paid until friday...
in az with lots of the regular pizza places near us.

❤️❤️ ❤️"	[REQUEST] first day off in weeks & I’m sick with two kiddos. A large cheese pizza would save our day.	https://www.reddit.com/r/Random_Acts_Of_Pizza/comments/dod4ch/request_first_day_off_in_weeks_im_sick_with_two/	312.0	True	0	0	1	1	1	['StupidFood', 'beyondthebump', 'wholesomememes', 'PourPainting', 'RainbowEverything', 'Economics', 'Random_Acts_Of_Pizza', 'splatoon', 'RantsFromRetail', 'CompulsiveSkinPicking', 'trashy', 'Youniqueamua', 'Instagramreality', 'toastme', 'walmart', 'FellowKids', 'woahdude', 'povertyfinance', 'politics', 'Eyebleach', 'Random_Acts_Of_Amazon', 'OrganizationPorn', 'JUSTNOMIL', 'BigMouth', 'americaneagle', 'youseeingthisshit', 'retail', 'exmormon', 'breastfeeding', 'me_irl', 'LuLaNo', 'toptalent', 'Unexpected', 'AmItheAsshole', 'ExpectationVsReality', 'BadMUAs', 'Hawaii', 'FondantHate', 'Dermatillomania', 'insanepeoplefacebook', 'weezer', 'Embroidery', 'CasualConversation', 'AskOuija', 'Target', 'AskReddit', 'lego', 'ratemydessert', 'antiMLM']	Recipient (Got 1)	Mamasalittleblunt	1572288073.0
7	['TrueOffMyChest', 'Miami', 'DunderMifflin', 'esist', 'vegan', 'Random_Acts_Of_Pizza', 'StLouis', 'tampa', 'UrbanHell', 'trashy', 'facepalm', 'The_Dennis', 'InternetCommentEtiq', 'IASIP', 'DanLeBatardShow', 'badparking', 'sploot', 'EnoughTrumpSpam', 'cats', 'houseplants', 'Sneakers', 'toofers', 'Cardinals', 'PennStateUniversity', 'The_Dotard', 'me_irl', 'Unexpected', 'MMA', 'PandR', 'Zoomies', 'nfl', 'GirlsMirinGirls', 'MarchAgainstTrump', 'chinesecrested', 'JoeRogan', 'gameofthrones', 'TheEricAndreShow', 'AskReddit', 'fantasyfootball', 'mycology']		grapefruitdressgrape	0	2	False	do283y	5	i've been looking for a job for a year now and it's been not so fruitful so far. my bank account is not very happy about it and everything is taking a toll on my health and personal relationships. but i'm not giving up on me yet, reddit. still interviewing and taking medicine for my depression. i'd really appreciate some pizza to help with food and mood. i'd really appreciate it, thanks!	[REQUEST] I really could do some pizza now, thanks so much	https://www.reddit.com/r/Random_Acts_Of_Pizza/comments/do283y/request_i_really_could_do_some_pizza_now_thanks/	315.0	True	0	0	1	1	1	['productivity', 'self', 'Random_Acts_Of_Pizza', 'offmychest', 'CrappyDesign', 'aww', 'AskDocs', 'politics', 'spirituality', 'IsItBullshit', 'toptalent', 'lawofattraction', 'raisedbynarcissists', 'fasting', 'worldnews', 'AmItheAsshole', 'atheism', 'tarot', 'redditgetsdrawn', 'jobs', 'TooAfraidToAsk', 'ShadowBan', 'AnimalsBeingDerps', 'AskReddit', 'gameofthrones', 'freefolk', 'HaircareScience', 'AsianParentStories', 'science', 'RandomActsofCards', 'entertainment', 'SuicideWatch']	Recipient (Got 1)	iheartstrawberry	1572226327.0
8	['Saxophonics', 'GiftofGames', 'ATBGE', 'gifs', 'relationships', 'Random_Acts_Of_Pizza', 'HongKong', 'MarioKartTour', 'trashyboners', 'ShouldIbuythisgame', 'pics', 'guns', 'wallstreetbets', 'NintendoSwitch', 'originalxbox', 'JusticeServed', 'explainlikeimfive', 'drums', 'askscience', 'AskRedditAfterDark', 'worldnews', 'xboxone', 'gaming', 'videos', 'morbidquestions', 'television', 'dataisbeautiful', 'funny', 'RetroArch', 'OldSchoolCool', 'news', 'nottheonion', 'Tinder', 'sports', 'tifu', 'Justrolledintotheshop', 'movies', 'TwoXChromosomes', 'ContagiousLaughter', 'AskReddit', 'h3h3productions', 'ClashOfClans']		TightUnderwear	0	4	False	dnz3wi	6	p.s. i hope whoever reads this has a better day :)	[REQUEST] Been struggling with life/finding a job for a month and student loan repayment starts soon. Would appreciate a sole slice of pepperoni	https://www.reddit.com/r/Random_Acts_Of_Pizza/comments/dnz3wi/request_been_struggling_with_lifefinding_a_job/	1683.0	True	1	0	9	2	1	['DIY', 'PlanetZoo', 'adventuretime', 'Starlink', 'StarWarsBattlefront', 'Showerthoughts', 'gifs', 'Random_Acts_Of_Pizza', 'low_poly', 'zelda', 'aww', 'fo76', 'evilbuildings', 'OverwatchUniversity', 'Simulated', 'pics', '3Dmodeling', 'thanosdidnothingwrong', 'NintendoSwitch', 'that_Poppy', 'gravityfalls', 'food', 'rickandmorty', 'fo76FilthyCasuals', 'EarthPorn', 'blackmagicfuckery', 'Edmonton', 'gaming', 'UpliftingNews', 'Yogscast', 'apexlegends', 'HitBoxPorn', 'Maya', 'television', 'Overwatch', 'funny', 'OldSchoolCool', 'mildlyinteresting', 'Breath_of_the_Wild', 'movies', 'dankmemes', 'FORTnITE', 'FortNiteBR', 'LocalGuides', 'AskReddit', 'gameofthrones', 'StrangerThings', 'lego', 'GearVR', 'Art', 'wholesomeoverwatch', 'castiron', 'Stadia']	Trader (Got 1 Gave 1)	SHAEMUSS	1572209629.0
9	[]			0	6	False	dnvgzb	3	"been stressing over this navy duty and had to take some overtime (not really overtime since military) shifts yesterday. not only am i running on fumes, but this apt unit is too. got nothing to nibble on in here and pizza would be very nice right now if i had to be honest. it's been a tiring week.

i live in the us in alexandria, va and there's a papa john's near me. thank you so kindly whoever takes this on. would really mean a lot."	[REQUEST] Been a rough series of days	https://www.reddit.com/r/Random_Acts_Of_Pizza/comments/dnvgzb/request_been_a_rough_series_of_days/	1932.0	True	0	0	3	3	0	['CFB', 'movies', 'blackmirror', 'rnb', 'TrueDetective', 'hiphopheads', 'horror', 'euphoria', 'Colts', 'biglittlelies', 'television', 'AmericanHorrorStory', 'RnBHeads', 'nfl', 'ItTheMovie', 'SquaredCircle', 'westworld', 'jazzyhiphop', 'chicagobulls', 'nba']	Fish  (140)	DRoseCantStop	1572192566.0
