request_id,giver_subreddits_at_request,giver_username,number_of_downvotes_of_request_at_retrieval,number_of_upvotes_of_request_at_retrieval,post_was_edited,request_number_of_comments_at_retrieval,request_text,request_title,request_url,requester_account_age_in_days_at_request,requester_has_verified_email,requester_num_pizza_given_at_request,requester_num_pizza_received_at_request,requester_num_pizza_related_comments_at_request,requester_num_pizza_related_posts_at_request,requester_received_pizza,requester_subreddits_at_request,requester_user_flair,requester_username,unix_timestamp_of_request
9fm1b2,[],,0,7,False,3,"hey friends, i’m just filling out applications and those lengthy questionnaires and a greasy delicious pizza sounds great. papa johns, pizza hut, and dominoes are nearby

",[REQUEST] Job hunting and would love a pizza while filling out these questionnaires,https://www.reddit.com/r/Random_Acts_Of_Pizza/comments/9fm1b2/request_job_hunting_and_would_love_a_pizza_while/,367.0,True,0.0,1.0,6.0,4.0,0,"['exmormon', 'Wellthatsucks', 'webcomics', 'ArtOfRolling', 'gifsthatkeepongiving', 'Breath_of_the_Wild', 'Documentaries', 'wewantcups', 'Dynavap', 'atheism', 'Jokes', 'freefolk', 'mildlyinfuriating', 'politics', 'lgbt', 'pcmasterrace', 'shittyfoodporn', 'Outdoors', 'MTFSelfieTrain', 'trees', 'RocketLeague', 'actuallesbians', 'IdiotsInCars', 'LGBTnews', 'funhaus', 'mildlyinteresting', 'gaming', 'dank_meme', 'transpositive', 'abv', 'TalesFromYourServer', 'ManjaroLinux', 'SaltLakeCity', 'nosleep', 'ainbow', 'TalesFromThePizzaGuy', 'Survival', 'me_irl', 'somethingimade', 'Random_Acts_Of_Pizza', 'interestingasfuck', 'WeWantPlates', 'MtF', 'COMPLETEANARCHY', 'u_bbbsu', 'Lesbients', 'AdviceAnimals', 'oilpen', '2meirl4meirl', 'futurama', 'assholedesign', 'food', 'RocketLeagueFriends', 'Art', 'transgender', 'comics', 'borrow', 'MomForAMinute']",Recipient (Got 2) Fish: 150,TransQuantinentalAce,1536874004.0
90miih,"['worldnews', 'microgrowery', 'PoliticalVideo', 'Random_Acts_Of_Pizza', 'WTF', 'CannabisExtracts', 'AskReddit', 'funny', 'trees', 'politics', 'ak47', 'MosinNagant', 'videos', 'SilkRoad', 'science', 'amibeingdetained', 'MakingaMurderer', 'conspiracy']",expose91101,0,3,False,16,i've been in a really tough spot lately and honestly i could just use some pizza right now :(,[Request] In a rough spot,https://www.reddit.com/r/Random_Acts_Of_Pizza/comments/90miih/request_in_a_rough_spot/,1830.0,True,0.0,0.0,1.0,2.0,1,"['h3h3productions', 'askscience', 'SkincareAddiction', 'Fitness', 'Jaguars', 'PornhubComments', 'nfl', 'NFL_Draft', 'BlackPeopleTwitter', 'AskReddit', 'trees', 'LifeProTips', 'GetMotivated', 'ImGoingToHellForThis', 'lawofattraction', 'Music', 'zerocarb', 'eagles', 'asktrp', 'streetwear', 'SweatyPalms', 'seduction', 'Entrepreneur', 'technology', 'Colts', 'todayilearned', 'nba', 'science', 'hiphopheads', 'fantasyfootball', 'AdviceAnimals', 'Showerthoughts', 'gainit', 'bestof']",Big Fish  (345),Tron10000,1532144836.0
7vst8v,[],,0,7,False,4,"would really give me the energy i need after a long day of class, i started at 9 am","[request] college student, just got out of class (8:20pm central) and really need some energy to complete my last semester of university",https://www.reddit.com/r/Random_Acts_Of_Pizza/comments/7vst8v/request_college_student_just_got_out_of_class/,1189.0,True,0.0,0.0,1.0,2.0,0,"['germany', 'houston', 'travelpartners', 'mexicanfood', 'funny', 'Homebrewing', 'giftcardexchange', 'applehelp', 'IdleHeroes', 'AskPhotography', 'Fireteams', 'LucianMains', 'Diablo3Wizards', 'news', 'peacecorps', 'studyAbroad', 'AskReddit', 'relationships', 'DestinyTheGame', 'Music', 'TeamSolomid', 'CLG', 'taiwan', 'ShowerOrange', 'raiseyourdongers', 'Darkages', 'techsupport', 'survivor', 'rotmgtradingpost', 'PS4Deals', 'BattleRite', 'backpacking', 'TeraOnline', 'wiiu', 'slavelabour', 'sunsetoverdrive', 'hybrasyl', 'splatoon', 'GameSale', 'ireland', 'Random_Acts_Of_Pizza', 'Filmmakers', 'cringe', 'leagueoflegends', 'gameswap', 'Vvvortic', 'WaltDisneyWorld', 'GiftofGames', 'books', 'travel', 'pics', 'solotravel']",Recipient (Got 1) Fish: 350,Gigless,1517970147.0
a9st18,"['Breath_of_the_Wild', 'xxfitness', 'funny', 'facepalm', 'freefolk', 'politics', 'ProgrammerHumor', 'EatCheapAndHealthy', 'bodyweightfitness', 'BlackPeopleTwitter', 'femalefashionadvice', 'MuayThai', 'worldnews', 'htgawm', 'blackmagicfuckery', 'MakeupAddicts', 'whatisthisthing', 'forwardsfromgrandma', 'laravel', 'truezelda', 'gifs', 'DoesAnybodyElse', 'askcarsales', 'niceguys', 'FedEx', 'Design', 'lifehacks', 'GifRecipes', 'asoiaf', 'Random_Acts_Of_Pizza', 'interestingasfuck', 'triangle', 'WhitePeopleTwitter', 'FanTheories', 'raleigh', 'MakeupAddiction', 'foodhacks', 'programminghorror', 'StrongCurves', 'MealPrepSunday']",davy_jones_locket,0,38,False,10,"hey all,

i have had a very interesting couple of days. on christmas eve i got into a disagreement with my boyfriend because i didnt want to get drunk and he did. christmas was draining because my crazy uncle was at my mom's house. and he wouldn't leave. his whole thing is to make me as upset as possible cause he thinks it's funny. so i dealt with hours of that before leaving. my cousin then texts me that he's upset i didn't come to their house for christmas or christmas eve. my mother finds out and calls me screaming about how i should have gone over there on christmas eve, the kids all wanted to see me, and this christmas might be my cousin's last because of his epilepsy. after visiting my boyfriend's family we finally got home at 9, but we had to stay up because we needed laundry done because we are both depressed so we hadn't done any in a while. i'm coming home from work today and i'm just physically and emotionally exhausted. i've been trying to fight off the inevitable breakdown due to grief for my dad and my grandparents and my cousin who have all passed. pizza is my favorite comfort food and i would just like to be able to wind down. 

edit: i'm in southwestern pennsylvania, we really just have dominoes that's a chain, it's mostly small pizza shops. (but dominoes is my favorite) ",[REQUEST] just exhausted and sad,https://www.reddit.com/r/Random_Acts_Of_Pizza/comments/a9st18/request_just_exhausted_and_sad/,223.0,True,0.0,0.0,0.0,1.0,1,"['exmormon', 'PhilosophyTube', 'pittsburgh', 'deaf', 'atheism', 'SkincareAddiction', 'bestoflegaladvice', 'personalfinance', 'Parenting', 'AskDocs', 'BingeEatingDisorder', 'offmychest', 'wordscapes', 'AskReddit', 'jobs', 'IncelTears', 'depression_help', 'GodofWar', 'whatisthisthing', 'sexualassault', 'relationship_advice', 'TooAfraidToAsk', 'thanosdidnothingwrong', 'DeadBedrooms', 'asktransgender', 'enoughpetersonspam', 'Serverlife', 'LowLibidoCommunity', 'daverubin', 'NetflixBestOf', 'unpopularopinion', 'Banking', 'cats', 'UnexpectedMulaney', 'comedy', 'Advice', 'me_irl', 'Frugal', 'antiMLM', 'marvelstudios', 'AskWomen', 'Random_Acts_Of_Pizza', 'depression', 'HannibalTV', 'asl', 'confession', 'DeathPositive', 'MensRights', 'WhitePeopleTwitter', 'linguistics', 'starterpacks', 'Onision', 'povertyfinance', 'DeFranco', 'NoStupidQuestions', 'AskMen', 'loseit', 'ASLinterpreters', 'dontdeadopeninside', 'crazyexgirlfriend', 'classic4chan']",Trader (Got 1 Gave 1),bisexualconspiracy,1545861417.0
9lx8x2,"['3DS', 'nononono', 'germanshepherds', 'giftcardexchange', 'freehardware', 'The100', 'vita', 'secretsanta', 'Hunting', 'hardwareswap', 'AnimalCrossing', 'AskReddit', 'SteamGameSwap', 'aww', 'RandomKindness', 'f150', 'Steam', 'masseffect', 'PersonOfInterest', 'boatporn', 'appleswap', 'GCTrading', 'techsupport', 'GameSale', 'Random_Acts_Of_Pizza', 'pitbulls', 'cringe', 'gameswap', 'snackexchange', 'Archery', 'ACTrade', 'RandomActsOfGaming', 'gamesell', 'pics', 'funkopop']",KalN7,0,2,False,12,"so, it's been a rough month. had some money troubles, had to take out a couple loans, but so far we've been able to keep our heads above water. just one of those situations where one little thing rolls into the next, you know?

then i woke up today and it's like the perfect storm. came in to work at 07:30 this morning and got mandated for all of second shift fifteen minutes in. hello, 16 hour shift! it's a dreary, rainy day, all my coworkers are cranky, and it's day one of ""that time of the month"" which makes me super hangry and emotional. 

unfortunately, budget doesn't allow for ordering out and i only brought a cup of soup for lunch because i *thought* i was only working 8 hours.

i'm by no means starving or desperate, i'm just craving some domino's (which is about 10 minutes from me, but i have to pick up because we can't get delivery at the 911 center i work at.) i'd also kill for some chocolate, but i don't think chocolate covered pizza is a thing...

anyway, thanks for reading! (also, i'm in pa, usa... and domino's is really the only pizza place close enough for me to pick up :d)",[REQUEST] The hits just keep on coming...,https://www.reddit.com/r/Random_Acts_Of_Pizza/comments/9lx8x2/request_the_hits_just_keep_on_coming/,375.0,True,0.0,1.0,9.0,3.0,1,"['wholesomememes', 'AmazonFaeries', 'witcher', '7daystodie', 'Random_Acts_Of_Amazon', 'HumansBeingBros', 'dresdenfiles', 'AMA', 'Food_Pantry', 'AskReddit', 'RandomKindness', 'thewitcher3', 'pokemon', 'Wishlist', 'gaming', 'YAlit', 'RoastMe', 'pokemongo', 'redditgetsdrawn', 'KingdomHearts', 'suggestmeabook', 'Random_Acts_Of_Pizza', 'DontFundMe', 'SantasLittleHelpers', 'villagetownsquare', 'povertyfinance', 'books', 'GiftofGames', 'Assistance', '911dispatchers', 'TombRaider', 'Fantasy', 'borrow', 'MealPrepSunday']",Trader (Got 3 Gave 2) Fish: 350,Gwinblayd,1538843365.0
6acron,[],,0,1,False,2,"i'm not working right now and my brother dropped my nephew off at my apartment this week since i'm currently not working. i would love to treat him to some pizza since the fridge is looking scarce. thank you in advance to the kind angel that fulfills this much needed request :)

ps. there is 50% off papa johns orders in my area today if you use the promo code marlins5.",[REQUEST]Unemployed and taking care of my nephew,https://www.reddit.com/r/Random_Acts_Of_Pizza/comments/6acron/requestunemployed_and_taking_care_of_my_nephew/,627.0,False,0.0,0.0,2.0,2.0,0,"['AnimalsBeingDerps', 'miamidolphins', 'DrumkitTrading', 'PicsOfUnusualBirds', 'Drumkits', 'Random_Acts_Of_Pizza', 'sports', 'RealLifeShinies', 'trapproduction', 'millionairemakers', 'heat']",Recipient (Got 1),H00liGangGang,1494423137.0
7y3i0s,"['LetsNotMeet', 'Random_Acts_Of_Pizza']",bobbyshark,0,5,False,6,"i want to work to pay off my debts, but it gets hard on an empty stomach.

if you feel like you have more than you need, i would really appreciate some help.","[Request] Drowning in expenses, just want to eat something before I go to work.",https://www.reddit.com/r/Random_Acts_Of_Pizza/comments/7y3i0s/request_drowning_in_expenses_just_want_to_eat/,1853.0,,0.0,0.0,0.0,2.0,1,"['Gemstones', 'funny', 'TheForgottenDepths', 'news', 'fossilid', 'worldnews', 'whatsthisrock', 'AMA', 'WTF', 'invaderzim', 'HailCorporate', 'AskReddit', 'aww', 'trees', 'IAmA', 'zombies', 'Music', 'tipofmytongue', 'IAmARequests', 'RockhoundExchange', 'videos', 'rickandmorty', 'gaming', 'Paleontology', 'furryIRL', 'gameofthrones', 'WritingPrompts', 'pokemongotrades', 'technology', 'changemyview', 'lifehacks', 'ASOUE', 'todayilearned', 'geology', 'legaladvice', 'Random_Acts_Of_Pizza', 'movies', 'AstroTurfing', 'ironscape', 'Arrowheads', 'AdviceAnimals', 'Lyft', 'books', 'horror', '07Scape', 'pics', 'borrow']",Recipient (Got 1),Avachiel,1518829870.0
ahr0no,"['withrice', 'unpopularopinion', 'characterdrawing', 'AskReddit', 'Jokes', 'Tinder', 'explainlikeimfive', 'Showerthoughts', 'relationship_advice', 'vegan', 'Random_Acts_Of_Pizza', 'artstore', 'roguelikes', 'mildlyinteresting', 'trashy', 'anchorage', 'vegetarian']",ThunderKenna,0,2,False,6,"been struggling for the past year and a half trying to push myself to the next level. finally got my dream job, as a software development engineer in a research position, for a goverment agency.

7-year old daughter isn't understanding why i'm gone 50-60 hours a week to ""work"" and why we're still living off of saltines and ramen noodles. 

monday is apparently another govt holiday, which means not a day i'll eventually get paid for. having to redo budgeting to add in another day's worth of food this weekend. 

i'm in north ga (usa), with pizza hut and papa johns nearby, but wouldn't mind walking the half mile to vincenzos.","[Request] Been Struggling, but Finally Landed Dream Job...",https://www.reddit.com/r/Random_Acts_Of_Pizza/comments/ahr0no/request_been_struggling_but_finally_landed_dream/,2266.0,True,0.0,0.0,0.0,2.0,1,"['DeepIntoYouTube', 'streaming', 'fittings', 'funny', 'careerguidance', 'atheism', 'SLRep', 'whatsthisbug', 'DMAcademy', 'crowdsourcedwriting', 'ProgrammerHumor', 'LegalTeens', 'programming', 'Tgirls', 'u_WanderingKazuma', 'AskElectronics', 'youtube', 'YouTubeGamers', 'YouTube_startups', 'WTF', 'learnjavascript', 'AskReddit', 'aww', 'selenium', 'NewTubers', 'twitchstreams', 'SubYourFellowRedditor', 'AskComputerScience', 'Unity2D', 'AZURE', 'HighResNSFW', 'HollowKnight', 'borrow', 'WritingPrompts', 'beadspritesgore', 'Guildwars2', 'LetsGetLaid', 'QualityAssurance', 'computerbuilds', 'Sub4Sub', 'forhire', 'pathofexile', 'PromoteGamingVideos', 'ffxiv', 'Random_Acts_Of_Pizza', 'depression', 'movies', 'csharp', 'diablo3', 'Antireligion', 'beadsprites', 'AskEngineers', 'learnmachinelearning', 'softwaretesting', 'minipainting', 'learnprogramming', 'datasets', 'heroesofthestorm', 'KerbalAcademy', 'PathOfExileBuilds', 'AsianHotties', 'evenewbies']",Recipient (Got 1) Fish: 125,WanderingKazuma,1547936543.0
7nbkuq,"['seasons4u', 'oneplus', 'buildapc', 'RandomKindness', 'NFL2go', 'moviepass', 'Random_Acts_Of_Pizza', 'kansascity']",jk022847,0,22,False,9,"hi reddit,

i am writing this because my husband and i have been going through a really rough patch. i have been out of work for a few months and my husband was just let go two weeks early from his seasonal job. we put in an application for food stamps on friday but that is going to take a bit to get approved. i start a new job on the 8th so hopefully we will be ok after that.

my husband loves pizza and we could really use a pick me up. it's our 1st year wedding anniversary in a few days and we can't afford to celebrate. 

i'll gladly pay it forward when i'm more financially secure.",[REQUEST] Husband and I have nothing to eat on our 1st wedding anniversary.,https://www.reddit.com/r/Random_Acts_Of_Pizza/comments/7nbkuq/request_husband_and_i_have_nothing_to_eat_on_our/,2101.0,True,0.0,0.0,0.0,1.0,1,"['deserttrip', 'Enneagram', 'classicwow', 'news', 'personalfinance', 'blackmirror', 'femalefashionadvice', 'AskReddit', 'television', 'jobs', 'TeamRedditTeams', 'medicine', 'Music', 'bulletjournal', 'CLG', 'TheSilphRoad', 'WritingPrompts', 'ChoosingBeggars', 'asoiaf', 'wowguilds', 'radiohead', 'science', 'Random_Acts_Of_Pizza', 'leagueoflegends', 'movies', 'USPS', 'TheHandmaidsTale', 'Mcat', 'NewOrleans', 'picrequests', 'AmericanHorrorStory', 'Phoenix1', 'relationships', 'pics']",Recipient (Got 1),NAparentheses,1514760688.0
bpi5j5,[],,0,5,True,6,"exactly as the title says, would love a pizza to get me through the next few days.


state: north carolina
nearby: dominoes

edit: added state and nearby chains","[REQUEST] I've been living on oatmeal for a week, and the food pantry isn't open until Tuesday",https://www.reddit.com/r/Random_Acts_Of_Pizza/comments/bpi5j5/request_ive_been_living_on_oatmeal_for_a_week_and/,901.0,True,0.0,0.0,1.0,2.0,1,"['aesoprock', 'unixporn', 'AskHistorians', 'SubredditDrama', 'transgendercirclejerk', '195', 'im14andthisisdeep', 'FellowKids', 'outside', 'opendirectories', 'Overwatch', 'FragileWhiteRedditor', 'Atheists', 'sadcringe', 'Tinder', 'ShittyLifeProTips', 'battlestations', 'SelfHarmScars', 'transadorable', 'succulents', 'AskReddit', 'aww', 'blunderyears', 'MTFSelfieTrain', 'buildapc', 'traaaaaaannnnnnnnnns', 'transtimelines', 'UnsentLetters', 'badwomensanatomy', 'GamersRiseUp', 'Python', 'Cyberpunk', 'Borderlands2', 'gatekeeping', 'transpositive', 'mildlyinteresting', 'TalesFromYourServer', 'adorableoldpeople', 'lifehacks', 'r4r', 'DHExchange', 'AVoid5', 'longboarding', 'me_irl', 'hookah', 'AskWomen', 'Cringetopia', 'pitbulls', 'transpassing', 'asl', 'DataHoarder', 'winstonsalem', 'linux4noobs', 'Random_Acts_Of_Pizza', 'MtF', 'transfashionadvice', 'savedyouaclick', 'hacking', 'fakealbumcovers', 'EDC', 'college', 'povertyfinance', 'linuxmasterrace', 'BrandNewSentence', 'NoStupidQuestions', 'Minecraft', 'esolangs', 'startpages', 'shittysuperpowers', 'TwoRedditorsOneCup', 'namenerds', 'traaNSFW', 'MomForAMinute']",Recipient (Got 1),dinosaur-dan,1558040751.0
6pqfzo,[],,0,20,False,3,"i've eaten nothing but kraft dinner for the past few weeks and can't stand it so anything else would be heaven.

*edit: forgot to include pizza chains near me

pizza hut and dominoes are big chains near me

i'm in canada as well.",[Request] Finally got a job after being jobless for months but I don't get a paycheck for 2 weeks,https://www.reddit.com/r/Random_Acts_Of_Pizza/comments/6pqfzo/request_finally_got_a_job_after_being_jobless_for/,852.0,True,0.0,1.0,6.0,4.0,0,"['Rainbow6', 'PrequelMemes', 'Jokes', 'funny', 'bears', 'mildlyinfuriating', 'Kanye', 'pcmasterrace', 'evangelion', 'nottheonion', 'hearthstone', 'news', 'trashy', 'BlackPeopleTwitter', 'OutOfTheLoop', 'randomactsofmusic', 'tattoos', 'worldnews', 'PaoYongYang', 'WTF', 'tifu', 'Nujabes', 'AskReddit', 'aww', 'InterdimensionalCable', 'bidenbro', 'LifeProTips', 'canada', 'IAmA', 'ImGoingToHellForThis', 'trees', 'videos', 'fatlogic', 'rickandmorty', 'BikiniBottomTwitter', 'mildlyinteresting', 'gaming', 'Vaporwave', 'dankmemes', '4chan', 'StarWars', 'FilthyFrank', 'NatureIsFuckingLit', 'BoneAppleTea', 'thomasthedankengine', 'todayilearned', 'Fallout', 'casualiama', 'see', 'DarthJarJar', 'Pareidolia', 'mashups', 'pussypassdenied', 'pitchforkemporium', 'joinrobin', 'Showerthoughts', '2meirl4meirl', 'KarmaCourt', 'NotMyJob', 'Unexpected', 'pics', 'announcements', 'EmpireDidNothingWrong', 'smashbros']",Recipient (Got 1),PitchforkEmporium,1501097193.0
amqt4s,"['holdmyfries', 'iamatotalpieceofshit', 'nononono', 'funny', 'AwesomeCarMods', 'nonononoyes', 'WarplanePorn', 'reverseanimalrescue', 'ofcoursethatsathing', 'television', 'surgery', '13or30', 'Damnthatsinteresting', 'peopleofwalmart', 'nasa', 'AmonAmarth', 'dataisbeautiful', 'OSHA', 'ambien', 'rush', 'badtattoos', 'longisland', 'Shitty_Car_Mods', 'Letterkenny', 'HumansBeingBros', 'tattoos', 'BillBurr', 'AteTheOnion', 'LongIslandEats', 'todayilearned', 'fightporn', 'Pizza', 'StartledCats', 'ironmaiden', 'nyc', 'ATBGE', 'yesyesyesno', 'AMADisasters', 'trailerparkboys', 'food', 'BetterEveryLoop', 'AnimalsBeingBros', 'pics', 'Wellthatsucks', 'Drumming', 'u_CrixeoMag', 'Primus', 'MasterReturns', 'thatHappened', 'nottheonion', 'news', 'sports', 'RadomActsOfGreed2', 'WTF', 'aww', 'RandomKindness', 'Whatcouldgowrong', 'spicy', 'funk', 'mildlyinteresting', 'iamverybadass', 'RandomActsofCards', 'ANormalDayInRussia', 'Random_Acts_Of_Pizza', 'gadgets', 'hotsauce', 'dashcamgifs', 'Metal', 'holdmycosmo', 'shittyfoodporn', 'trashy', 'WhyWereTheyFilming', 'videos', 'gaming', 'oddlyweird', 'ChoosingBeggars', 'RandomActsOfChristmas', 'StarWars', 'antiMLM', 'Roadcam', 'InfowarriorRides', 'hoonigan', 'mentalhealth', 'Showerthoughts', 'Military', 'ramen']",procrastinator2112,0,5,False,7,"i was complaining to a friend about how much i'k getting sick of eating ramen and he told me to check out this sub, i don't quite know what to say here except that i really don't expect anything, just trying to keep my chin up i guess. it's been way too long since i've had pizza lmao

edit: just saw the bot message, i'm in scotland with plenty of small pizza/kebab shops on justeat and a dominoes too. sorry the post is a bit of a mess",[Request] Broke and Depressed but trying to stay hopeful,https://www.reddit.com/r/Random_Acts_Of_Pizza/comments/amqt4s/request_broke_and_depressed_but_trying_to_stay/,560.0,True,0.0,0.0,0.0,1.0,1,"['handholding', 'Rainbow6', 'wholesomememes', 'BBW', 'mildlyinfuriating', 'gay_irl', 'AskOuija', 'transgendercirclejerk', 'popping', 'femxeno', 'apexlegends', 'Warhammer_Smut', 'gaybrosgonemild', 'perfectloops', 'PewdiepieSubmissions', 'ViMains', 'Cooking', 'Cubers', 'offmychest', 'cursedimages', 'aaaaaaacccccccce', 'AskReddit', '2007scape', 'FemBoys', 'weed', 'trees', 'traaaaaaannnnnnnnnns', 'egg_irl', 'SuddenlyTrans', 'RangoMemes', 'oddlysatisfying', 'ennnnnnnnnnnnbbbbbby', 'AteTheOnion', 'vexillologycirclejerk', 'TooAfraidToAsk', 'ProRevenge', 'Bandnames', 'MedicalGore', 'WatchPeopleDieInside', 'dayz', 'dankmemes', 'ChoosingBeggars', 'curledfeetsies', 'cat', 'Sneks', 'the_division_2', 'justlegbeardthings', 'vexillology', 'Random_Acts_Of_Pizza', 'ftm', 'CircleofTrust', 'glasgow', 'CasualUK', 'ihavesex', 'OSHA', 'ScottishPeopleTwitter', 'AskMen', 'deadbydaylight', 'MorbidReality', 'MemeEconomy', 'Scotland', 'onewordeach', 'dndnext', 'Layer']",Recipient (Got 1),Snekkalek,1549209759.0
8lymiz,"['wholesomememes', 'JohnnyCash', 'funny', 'AccidentalRenaissance', 'OldSchoolCool', 'politics', 'mlem', 'Random_Acts_Of_Amazon', 'hebrew', 'Oldhouses', 'nottheonion', 'EnoughTrumpSpam', 'aww', 'findareddit', 'AskReddit', 'PrettyGirlsUglyFaces', 'ABraThatFits', 'oldhouse', 'tipofmytongue', 'spicy', 'JapaneseFood', 'badwomensanatomy', 'videos', 'mildlyinteresting', 'Plays', 'Bandnames', 'WritingPrompts', 'Glitch_in_the_Matrix', 'cats', 'Fuckthealtright', 'Lost_Architecture', 'Advice', 'HelpMeFind', 'Random_Acts_Of_Pizza', 'Blep', 'environment', 'TrollXChromosomes', 'WhitePeopleTwitter', 'ihavesex', 'AdviceAnimals', 'KoreanFood', 'sewing', 'CatAdvice', 'food', 'Drag', 'esist', 'nailedit', 'streetart', 'ramen', 'reactiongifs', 'MealPrepSunday', 'cringepics', 'birdswitharms']",alinajenina,0,8,False,11,"i don’t really know what to say here, i just feel so shitty. i usually just use reddit for memes and stuff, i’ve tried this a couple times before but haven’t gotten any replies.

my best friend killed herself the other night, she was the most important person in my world. i’ve never had to go through something like this. i’m utterly sick.","[REQUEST] Depressed, my best friend passed a couple days ago. Would appreciate something to eat.",https://www.reddit.com/r/Random_Acts_Of_Pizza/comments/8lymiz/request_depressed_my_best_friend_passed_a_couple/,528.0,False,0.0,0.0,4.0,6.0,1,"['GBPExchange', 'funny', 'vaporents', 'PS4', 'cynicalbritofficial', 'MOMpics', 'sadcringe', 'tifu', 'ComedyCemetery', 'AskReddit', '2007scape', 'aww', 'weed', 'trees', 'shitpost', 'CanadianMOMs', 'Gamingcirclejerk', 'GamersRiseUp', 'IsItBullshit', 'AntiReddit', 'iamverybadass', 'SwordOrSheath', 'Tendies', 'DoYouKnowDaWey', 'theway', 'amiugly', 'Bossfight', 'Random_Acts_Of_Pizza', 'depression', 'Fallout', 'neckbeardRPG', 'United_Chads', 'MapleStory2', 'Smite', 'Gumcels', 'TrueChristian', 'PeopleFuckingDying', 'bodybuilding', 'NoStupidQuestions', 'TendiesCourt', 'Assistance', 'ClashRoyale', 'Christianity']",Recipient (Got 1) Fish: 105,WhitePlaguez,1527218274.0
8oewfi,[],,0,10,False,2,"hey guys, so i'm a fulltime student who also works at a part time job whike taking care of my mom. rent just passed and i'm short on money as well as groceries to cook up a decent meal. some food for me and my mom would be so great right now and much appreciated. we are big fans of dominos but are not picky at all :) i also am going to be receiving money tomorrow so i can pay back right away! thank you all",[REQUEST] Full time student and caretaker for my mom here just looking for some grub for the night to brighten the family mood. Can pay back tomorrow!!,https://www.reddit.com/r/Random_Acts_Of_Pizza/comments/8oewfi/request_full_time_student_and_caretaker_for_my/,2042.0,True,0.0,0.0,0.0,2.0,0,"['continuityporn', 'hardbodies', 'FortNiteBR', 'funny', 'mildlyinfuriating', 'tanlines', 'blackchickswhitedicks', 'wince', 'gwcumsluts', 'sadcringe', 'worldnews', 'NSFW_GIF', 'grool', 'trees', 'militaryfitness', 'Music', 'migraine', 'JusticeServed', 'hugeboobs', 'rickandmorty', 'realasians', 'USMCboot', 'shittyreactiongifs', 'SexInFrontOfOthers', 'nosleep', 'NetflixBestOf', 'mvci', 'thewalkingdead', 'me_irl', 'legaladvice', 'hiphopheads', 'Favors', 'malefashionadvice', 'AdviceAnimals', 'PS3', 'Assistance', 'StraightGirlsPlaying', 'rage', 'Unexpected', 'mercedes', 'PetiteGoneWild', 'FellowKids', 'doctorwho', 'LipsThatGrip', 'SocialMediaSluts', 'tattoos', 'psychotherapy', 'newtothenavy', 'StillSandersForPres', 'AskReddit', 'RealGirls', 'MassiveCock', 'tipofmytongue', 'LSD', 'MMA', 'porninfifteenseconds', 'batman', 'Vaporwave', 'GWCouples', 'wicked_edge', 'natureismetal', 'ATBGE', 'mashups', 'food', 'PenmanshipPorn', 'NSFW_Japan', 'CrownVictoria', 'pics', 'relationships', 'Injusticegame', 'UpliftingNews', 'Documentaries', 'Rainbow6', 'running', 'Tinder', 'BlackPeopleTwitter', 'MortalKombat', 'WTF', 'youtubehaiku', 'canada', 'redheads', 'mildlyinteresting', 'ass', 'niceguys', 'WomenOfColor', 'TheOA', '4chan', 'Random_Acts_Of_Pizza', 'drunk', 'cumsluts', 'cringe', 'TrueOffMyChest', 'cars', 'Trumpgret', 'vegetarian', 'MovieDetails', 'WatchandLearn', 'facepalm', 'LivestreamFail', 'fullmoviesonyoutube', 'blackmirror', 'trashy', 'uber', 'Libertarian', 'notinteresting', 'trackandfield', 'Moviesinthemaking', 'videos', 'shield', 'saplings', 'gaming', 'cats', 'MarkMyWords', 'Floof', 'listentothis', 'PublicFreakout', 'ContagiousLaughter', 'creampies', 'FortniteCompetitive', 'explainlikeimfive', 'NoStupidQuestions', 'LadyBoners', 'reactiongifs', 'instant_regret']",Fish  (105),Cyber_Marauder,1528090426.0
a2jbdk,"['coastguard', 'SantasLittleHelpers', 'uscg', 'Music', 'Random_Acts_Of_Pizza']",RaggaJack,0,5,True,10,"i am in my first semester of veterinary school and it has been rough. the course load is very difficult but i also missed two weeks of classes and i have been scrambling to catch back up. my father and uncle passed away a month ago on the same day. (separate chronic illnesses, just a coincidence.) i have been busting my butt in school, trying not to let the sadness being me down and am heading into my last week of classes before finals. i haven't had much time to go out and shop and am also getting to the end of the funds i have allotted for this semester. i am in fort collins, colorado and would greatly appreciate anything, i have given before but will definitely pay it forward.

&#x200b;

edit: sorry, i read the rules but still messed up! there are some local places, krazy karl's and slyce and dp dough. looks like there are some dominos as well! no dietary restrictions, i'll eat anything :) can do pickup or delivery.","[REQUEST] It has been a pretty terrible month, could use some fat and carb therapy",https://www.reddit.com/r/Random_Acts_Of_Pizza/comments/a2jbdk/request_it_has_been_a_pretty_terrible_month_could/,2910.0,False,1.0,0.0,5.0,1.0,1,"['askscience', 'xxfitness', 'funny', 'xxloseit', 'Awwducational', 'EatCheapAndHealthy', 'secretsanta', 'personalfinance', '90daysgoal', 'worldnews', 'GradSchool', 'orangetheory', 'AskReddit', 'YouShouldKnow', 'IAmA', 'fffffffuuuuuuuuuuuu', 'needadvice', 'videos', 'ramen', 'gifs', 'Veterinary', 'asksandiego', 'gaming', 'GriefSupport', 'starbucks', 'TwoXChromosomes', 'Random_Acts_Of_Pizza', 'boston', 'Frisson', 'pics', 'nature', 'AdviceAnimals', '1200isplenty', 'Paleo', 'AmericanHorrorStory', 'books', 'loseit', 'firstimpression', 'nostalgia', 'LadyBoners', 'Fantasy', 'sandiego', 'budgetfood', 'millionairemakers']",Trader (Got 1 Gave 1),anguineus,1543798051.0
a6kxui,"['funny', 'CasualConversation', 'FoodPorn', 'offmychest', 'braswap', 'tifu', 'aww', 'jobs', 'AskReddit', 'RandomKindness', 'relationship_advice', 'Damnthatsinteresting', 'intermittentfasting', 'gaming', 'wholesomegifs', 'cats', 'dadjokes', 'PoELFG', 'Random_Acts_Of_Pizza', 'mildlypenis', 'samoyeds', 'diablo3', 'fasting', '1200isplenty', 'AskMen', 'NoStupidQuestions', 'Assistance', 'food', 'drawing', 'PenmanshipPorn', 'happy', 'RandomActsOfBras', 'Unexpected']",robotchickenninjapig,0,109,False,7,"i worked so ridiculously hard this semester and i’m so happy to say i finally turned in my last final of the semester and i’d love to celebrate with a pizza if possible due to bills i don’t have any money though, so if someone can bless my life with a pizza that’d be great! otherwise i’m still having a great day because i’m officially on break! wooo!!

edit: i have all the major chains nearby. pizza hut, papa johns, hungry howies, dominos, and i don’t mind going out and picking it up :)","[request] just turned in my last final of the semester, will pass with a 3.75gpa while working full time all semester and doing student teaching",https://www.reddit.com/r/Random_Acts_Of_Pizza/comments/a6kxui/request_just_turned_in_my_last_final_of_the/,1612.0,False,2.0,3.0,18.0,9.0,1,"['OldSchoolCool', 'history', 'curlyhair', 'dogpictures', 'cockerspaniel', 'MarioRun', 'raisedbynarcissists', 'hitmanimals', 'ECEProfessionals', 'ShittyLifeProTips', 'greysanatomy', 'inuyasha', 'succulents', 'AskReddit', 'aww', 'TIHI', 'cookiedecorating', 'Weddingsunder10k', 'dogs', 'yoga', 'WhyWereTheyFilming', 'gifs', 'rarepuppers', 'TalesFromYourServer', 'Destin', 'cats', 'Teachers', 'curledfeetsies', 'TwoXChromosomes', 'makeuporganization', 'poodles', 'RuinedMyDay', 'teaching', 'Random_Acts_Of_Pizza', 'movies', 'savedyouaclick', 'MakeupAddiction', 'WaltDisneyWorld', 'Dogtraining', 'dogswithvests', 'Assistance', 'Pensacola', 'weddingplanning', 'Thisismylifemeow', 'sewing', 'Blacklabs', 'OldManDog', 'Anxiety', 'borrow']",Recipient (Got 4 Gave 2) Fish: 405,catsallly,1544923621.0
87tpur,"['PandR', 'JoeRogan', 'facepalm', 'InternetCommentEtiq', 'tampa', 'IASIP', 'StLouis', 'MarchAgainstTrump', 'Sneakers', 'trashy', 'nfl', 'EnoughTrumpSpam', 'AskReddit', 'sploot', 'UrbanHell', 'chinesecrested', 'Miami', 'MMA', 'mycology', 'gameofthrones', 'houseplants', 'PennStateUniversity', 'cats', 'TheEricAndreShow', 'The_Dotard', 'me_irl', 'vegan', 'Random_Acts_Of_Pizza', 'The_Dennis', 'Cardinals', 'fantasyfootball', 'GirlsMirinGirls', 'TrueOffMyChest', 'toofers', 'esist', 'DanLeBatardShow', 'Zoomies', 'DunderMifflin', 'badparking', 'Unexpected']",grapefruitdressgrape,0,9,False,6,"we can play video games together in exchange if you want! i'm not great at it but i have rocket league, cs:go, payday 2 and more (just ask if you're interested)

i live in france, it's about 7:15 pm right now which is a good time to order pizza (you could buy the pizza directly from a delivery website that i've used before or send the equivalent of what you want to buy for me in paypal)

thank you to whoever read this and have a nice day!","[REQUEST] Hey! I'm a student. I'm not broke but a pizza delivery would be nice! I'm doing pretty good right now, not feeling down or whatever, just looking for a Random Act of Pizza!",https://www.reddit.com/r/Random_Acts_Of_Pizza/comments/87tpur/request_hey_im_a_student_im_not_broke_but_a_pizza/,833.0,True,2.0,1.0,22.0,6.0,1,"['h3h3productions', 'CrazyIdeas', 'INEEEEDIT', 'funny', 'mildlyinfuriating', 'OldSchoolCool', 'personalfinance', 'surrealmemes', 'sadcringe', 'powerwashingporn', 'MaliciousCompliance', 'justneckbeardthings', 'Music', 'youseeingthisshit', 'beetlejuicing', 'dankmemes', 'me_irl', 'bonehurtingjuice', 'interestingasfuck', 'PerfectTiming', 'codyslab', 'wtfstockphotos', 'GirlsMirin', 'DunderMifflin', 'williamosman', 'Unexpected', 'comics', 'unexpectedfactorial', 'Catloaf', 'copypasta', 'mallninjashit', 'IASIP', 'engrish', 'DeepFriedMemes', 'perfectlycutscreams', 'HumansBeingBros', 'AskReddit', 'insanepeoplefacebook', 'CongratsLikeImFive', 'BikiniBottomTwitter', 'loadingicon', 'nathanforyou', 'AnimalsBeingJerks', 'Wellworn', 'misleadingthumbnails', 'NatureIsFuckingLit', 'todayilearned', 'WeWantPlates', 'ATBGE', 'CreedThoughts', 'memes', 'BetterEveryLoop', 'shittysuperpowers', 'bestof', 'wholesomememes', 'SubredditSimMeta', 'Idubbbz', 'dogpictures', 'Sherlock', 'dankchristianmemes', 'Tinder', 'youtube', 'ShittyLifeProTips', 'UnethicalLifeProTips', 'aww', 'youtubehaiku', 'earrumblersassemble', 'educationalgifs', 'btc', 'mildlyinteresting', 'itsslag', 'minnesota', 'JacksFilms', 'greentext', 'NotKenM', 'niceguys', 'quityourbullshit', 'LinusTechTips', 'PurpleCoco', 'Justrolledintotheshop', 'Random_Acts_Of_Pizza', 'drunk', 'gatesopencomeonin', 'ActLikeYouBelong', 'savedyouaclick', 'vandwellers', 'woof_irl', '2meirl4meirl', 'HistoryPorn', 'TheSimpsons', 'PrequelMemes', 'facepalm', 'Bitcoin', 'AccidentalRenaissance', 'BeAmazed', 'Futurology', 'im14andthisisdeep', 'NotHowDrugsWork', 'secretsanta', 'europe', 'socialanxiety', 'Simulated', 'JustLearnedTheFWord', 'notinteresting', 'LifeProTips', 'whatisthisthing', 'GamePhysics', 'WhyWereTheyFilming', 'gaming', 'thanosdidnothingwrong', 'rarepuppers', 'minimalist_art', 'ContagiousLaughter', 'coaxedintoasnafu', 'TooMeIrlForMeIrl', 'LateStageCapitalism', 'explainlikeimfive', 'Showerthoughts', 'NoStupidQuestions', 'disneyvacation', 'assholedesign', 'reactiongifs']",Trader (Got 2 Gave 2),edgar01600,1522257584.0
9m79n4,[],,0,7,False,2,"i know this will probably get lost in all the requests, just seeing if i can have some type of thanksgiving this year, i'll spare you all my sob story, thanks for everything as usual everyone :)",[REQUEST] Thanksgiving soon and I'm stuck in my dorm broke as hell for awhile till everyone gets back. Would appreciate anything honestly.,https://www.reddit.com/r/Random_Acts_Of_Pizza/comments/9m79n4/request_thanksgiving_soon_and_im_stuck_in_my_dorm/,1297.0,True,1.0,0.0,8.0,1.0,0,"['UpliftingNews', 'GearVR', '3Dmodeling', 'Breath_of_the_Wild', 'gravityfalls', 'FortNiteBR', 'funny', 'Yogscast', 'OldSchoolCool', 'StrangerThings', 'that_Poppy', 'Overwatch', 'StarWarsBattlefront', 'HitBoxPorn', 'Simulated', 'blackmagicfuckery', 'AskReddit', 'television', 'aww', 'wholesomeoverwatch', 'Maya', 'FORTnITE', 'LocalGuides', 'castiron', 'zelda', 'low_poly', 'rickandmorty', 'PlanetZoo', 'mildlyinteresting', 'lego', 'gifs', 'Edmonton', 'gaming', 'thanosdidnothingwrong', 'gameofthrones', 'dankmemes', 'Starlink', 'Random_Acts_Of_Pizza', 'movies', 'fo76', 'OverwatchUniversity', 'NintendoSwitch', 'Showerthoughts', 'DIY', 'food', 'adventuretime', 'evilbuildings', 'Art', 'EarthPorn', 'pics']",Trader (Got 1 Gave 1),SHAEMUSS,1538936127.0
9f4wu8,"['DeepIntoYouTube', 'iamatotalpieceofshit', 'funny', 'Prematurecelebration', 'WowThisSubExistsNSFW', 'worldnews', 'buildapc', 'GameDeals', 'IAmA', '13or30', 'CrappyDesign', 'nosleep', 'LongDistance', 'GifRecipes', 'theydidthemath', 'pathofexile', 'science', 'HelpMeFind', 'Naruto', 'waterporn', 'cringepics', 'askscience', 'civ', 'nevertellmetheodds', 'doctorwho', 'TheSmallVictories', 'AccidentalRacism', 'AskReddit', 'blunderyears', 'insanepeoplefacebook', 'tipofmytongue', 'PictureGame', 'AsianBeauty', 'fatpeoplestories', 'facebookdrama', 'cospenis', 'shittykickstarters', 'TopGear', 'dontstarve', 'jellybeantoes', 'AirBnB', 'Botchedsurgeries', 'BPD', 'whatsthatbook', 'WeWantPlates', 'FinalFantasy', 'crappyoffbrands', 'pics', 'Wellthatsucks', '3amjokes', 'SubredditDrama', 'LucidDreaming', 'popping', 'FuckMyShitUp', 'thatHappened', 'ShittyLifeProTips', 'offmychest', 'twitchplayspokemon', 'WTF', 'sydney', 'greentext', 'nsfw_wtf', 'DiWHY', 'LearnUselessTalents', 'Random_Acts_Of_Pizza', 'cringe', 'fidgettoys', 'shittyaskscience', 'ShittyGifRecipes', 'snackexchange', 'MorbidReality', 'shittyideas', 'wowthissubexists', 'explainlikeIAmA', 'facepalm', 'shittyfoodporn', 'iamverysmart', 'trashy', 'OutOfTheLoop', 'terriblefacebookmemes', 'whatisthisthing', 'ImGoingToHellForThis', 'ShitCosmoSays', 'FoundPaper', 'shittybattlestations', 'gaming', 'StupidFood', 'insaneparents', 'australia', 'KingdomHearts', 'ecology', 'depression', 'bipolar', 'DIY', 'relationships']",SquirmWorms,0,36,False,18,"for anyone whose seen my recent post, you’ve seen what’s been up with me. well i managed to pretty much score a good job that’ll keep me afloat until i finish my clinicals. i start training next week!!!

can’t budget pizza in at all right now, but i don’t mind driving far if i need to pick it up. i’m starving. phx, az. 

also, if anyone plays vainglory feel free to pm me and let’s play :)","[REQUEST] Still no pizza, but I got a job!!!",https://www.reddit.com/r/Random_Acts_Of_Pizza/comments/9f4wu8/request_still_no_pizza_but_i_got_a_job/,125.0,False,0.0,0.0,5.0,6.0,1,"['freefolk', 'AskOuija', 'politics', 'LivestreamFail', 'HumansBeingBros', 'trashy', 'cursedimages', 'AskReddit', 'BigBrother', 'aww', 'dogswithjobs', '2007scape', 'MadeMeSmile', 'rickandmorty', 'gatekeeping', 'thanosdidnothingwrong', 'Entrepreneur', 'ChoosingBeggars', 'insaneparents', 'AskWomen', 'Random_Acts_Of_Pizza', 'ems', 'iosgaming', 'Assistance', 'raining', 'TheMonkeysPaw', 'happy', 'pics', 'sales', 'OldPhotosInRealLife']",Recipient (Got 1) Fish: 135,Paramedic_0,1536729307.0
8xk93a,"['SuicideWatch', 'PrequelMemes', 'doughboys', 'Breadit', 'politics', 'BeAmazed', 'ketorecipes', 'onebag', 'EARONS', 'tacobell', 'riverdale', 'Food_Bank', 'malegrooming', 'Dallas', 'IdiotsInCars', 'DC_Cinematic', 'texas', 'Random_Acts_Of_Pizza', 'greatestgen', 'Pizza', 'russmartinshow', 'TravelHacks', 'podcasting', 'googlehome', 'memes', 'Baking', 'Disneyland']",Felix_Washington,0,2,False,14,"i have very little food in the house at the moment and a pizza could feed me until wednesday. i have a pizza hut, domino's, and papa john's nearby. anything would be greatly appreciated, and i'll buy next time :)","[REQUEST] Don't get paid until this Wednesday, really hungry.",https://www.reddit.com/r/Random_Acts_Of_Pizza/comments/8xk93a/request_dont_get_paid_until_this_wednesday_really/,1316.0,True,0.0,0.0,0.0,2.0,1,"['unrealtournament', 'redditisfun', 'ClopClop', 'Downwell', 'funny', 'seventhworldproblems', 'Undertale', 'furry', 'GooglePixel', 'transistor', 'beermoney', 'TheCompletionist', 'postmetal', 'DnD', 'Overwatch', 'demonssouls', 'ploungeafterdark', 'enbro', 'youtube', 'Disgaea', 'postrock', 'patientgamers', 'AverageBattlestations', 'AskReddit', 'buildapc', 'aww', 'darksouls', 'FeralYiff', 'MLPLounge', 'MrCreepyPasta', 'Steam', 'UnderTail', 'Lovecraft', 'darksouls3', 'mylittlepony', 'yiff', 'headphones', 'shittybattlestations', 'Cyberpunk', 'gaming', 'furry_irl', 'CatsStandingUp', 'NoMansSkyTheGame', 'fursuitsex', 'Vaporwave', 'creepypasta', 'cats', 'forza', 'ambientmusic', 'plini', 'progrockmusic', 'progmetal', 'ClopAudio', 'gamegrumps', 'Random_Acts_Of_Pizza', 'FinalFantasy', 'FFXV', 'gfur', 'StallionStuffers', 'ClopPlus', 'CLOP_GIFS', 'sbubby', 'anactualsub', 'WholesomeYiff', 'Minecraft', 'assholedesign', 'RandomActsOfGaming', 'bloodborne', 'NuclearThrone', 'BurningLibrary', 'EvilDead', 'Rainmeter', 'Nioh']",Recipient (Got 2) Fish: 230,Shadow50000,1531191659.0
92dzbk,[],,0,1,False,2,"i've been working loads but never seem to get ahead. my wife is disabled now because of her knees and adjusting to the loss of her income. it's been really rough for the last few months and it would be great if we could get some pizza and soda and pretend to be normal for a night.
there's me, my wife and our 12 y/o son.",[Request] Pizza would keep me sane,https://www.reddit.com/r/Random_Acts_Of_Pizza/comments/92dzbk/request_pizza_would_keep_me_sane/,1927.0,True,0.0,1.0,1.0,2.0,0,"['Puffies', 'atheism', 'lgbt', 'happygirls', 'discgolf', 'news', 'Permies', 'butterface', 'WTF', 'tifu', 'AskReddit', 'LifeProTips', 'redheads', 'woweconomy', 'LGBTnews', 'mildlyinteresting', 'nsfw', 'HappyEmbarrassedGirls', 'ass', 'dadjokes', 'lifehacks', 'standupshots', 'todayilearned', 'Random_Acts_Of_Pizza', 'Celebs', 'bois', 'explainlikeimfive', 'Showerthoughts', 'MorbidReality', 'DIY', 'pics']",Recipient (Got 1),samhaindragon,1532708808.0
5z7k8i,[],,0,2,False,7,"still struggling off my feet due to hip operation, no food in house, nobody can take me shopping and i can't spend my last £20 on takeaway.",[request] Fourth times a charm?,https://www.reddit.com/r/Random_Acts_Of_Pizza/comments/5z7k8i/request_fourth_times_a_charm/,1382.0,True,0.0,0.0,6.0,5.0,0,"['h3h3productions', 'ufc', 'wholesomememes', 'funny', 'philosophy', 'Bitcoin', 'fo4', 'nottheonion', 'BlackPeopleTwitter', 'Tinder', 'worldnews', 'AskReddit', 'canada', 'IAmA', 'ExpectationVsReality', 'Music', 'JusticeServed', 'entertainment', 'videos', 'thedivision', 'gaming', 'circlejerk', 'Android', 'ChoosingBeggars', '60fpsporn', 'GWCouples', 'technology', 'dankmemes', 'Twitch', 'pokemongo', 'me_irl', 'todayilearned', 'science', 'Piracy', 'Random_Acts_Of_Pizza', 'juul', 'cringe', 'Blowjobs', 'LegalAdviceUK', 'totallynotrobots', 'movies', 'RedLetterMedia', 'BustyPetite', 'PUBATTLEGROUNDS', 'AdviceAnimals', 'gardening', 'pussypassdenied', 'ScottishPeopleTwitter', 'battlefield_one', 'explainlikeimfive', 'tasker', 'pics']",Fish  (100),Megacamz86,1489437531.0
6kqe6t,[],,0,1,False,3,"no sob story here, i have ramen and hotdogs but my foodstamps are gone til the 6th, i would be forever greatful for a hot pie!",[REQUEST] Would love a pizza!,https://www.reddit.com/r/Random_Acts_Of_Pizza/comments/6kqe6t/request_would_love_a_pizza/,839.0,True,0.0,0.0,0.0,3.0,0,"['h3h3productions', 'SteamAccountsForSale', 'Documentaries', 'homeless', 'funny', 'Jokes', 'InternetIsBeautiful', 'OldSchoolCool', 'OneDollarAtATime', 'randomactsofcsgo', 'nottheonion', 'creepy', 'personalfinance', 'sports', 'getout', 'BlackPeopleTwitter', 'Radiology', 'tifu', 'AskReddit', 'aww', 'SteamGameSwap', 'RandomKindness', 'trees', 'LifeProTips', 'IAmA', 'GetMotivated', 'Music', 'skateboarding', 'csgo', 'videos', 'AdoptASilver', 'gifs', 'mildlyinteresting', 'gaming', 'Need', 'todayilearned', 'GlobalOffensive', 'Random_Acts_Of_Pizza', 'bicycletouring', 'Showerthoughts', 'Assistance', 'food', 'BetterEveryLoop', 'Art', 'EarthPorn', 'ShadowBanned', 'pics', 'borrow', 'cringepics']",Big Fish  (220),canIpleasehavepizza,1498954372.0
8tc4zp,[],,0,0,False,2,"i'm not gonna put the usual sob story, i'm just gonna say that me, my mom, and my sister are moving soon. we're fixing up our current house so we can sell it, which requires painting and putting down new tiles and getting a new shower head. we've been at this for a long time and all this stuff for fixing up the house is really damn expensive. i've been mostly surviving off cheap fast food, frozen food, and sandwiches. plus whatever my mom can make for dinner when she has time. can someone help me out?","[Request] Money is really tight, tired of frozen food.",https://www.reddit.com/r/Random_Acts_Of_Pizza/comments/8tc4zp/request_money_is_really_tight_tired_of_frozen_food/,1218.0,True,0.0,1.0,4.0,8.0,0,"['BatwomanTV', 'FortNiteBR', 'jacksepticeye', 'mildlyinfuriating', 'lostredditors', 'OopsDidntMeanTo', 'lgbt', 'Shitty_Car_Mods', 'im14andthisisdeep', 'FellowKids', 'pansexual', 'therewasanattempt', 'titlegore', 'stevenuniverse', 'nonononoyes', 'GameTheorists', 'Earth199999', 'youngjustice', 'Ben10', 'supergirlTV', 'WhyWereTheyFilming', 'EntitledPeople', 'rickandmorty', 'DC_Cinematic', 'entitledparents', 'rantgrumps', 'Spiderman', 'furry_irl', 'JacksFilms', 'rule34', 'unpopularopinion', 'SpidermanPS4', 'ChoosingBeggars', 'cosplaybutts', 'CrappyDesign', 'Arrowverse', 'AnimalsBeingJerks', 'PhotoshopRequest', 'FlashTV', 'arrow', 'nothingeverhappens', 'marvelstudios', 'LegendsOfTomorrow', 'DCcomics', 'sbubby', 'crappyoffbrands', 'feedthebeast', 'bisexual', 'GiftofGames', 'boottoobig', 'assholedesign', 'dontdeadopeninside', 'yesyesyesyesno', 'miraculousladybug', 'whoooosh']",Recipient (Got 1) Fish: 360,BuddermanTheAmazing,1529780595.0
b5wnx8,"['freebies', 'KnightsOfPineapple', 'wholesomememes', 'Fremont', 'funny', 'Crosstrek', 'corgi', 'Breadit', '32dollars', 'EatCheapAndHealthy', 'FancyFollicles', 'Sneakers', 'tattoos', 'offmychest', 'powerlifting', 'Incorgnito', 'aww', 'jobs', 'relationship_advice', 'SanJose', 'resumes', 'PeepingPooch', 'TheGirlSurvivalGuide', 'streetwear', 'mildlyinteresting', 'ghibli', 'weightlifting', 'womensstreetwear', 'rarepuppers', 'Delightfullychubby', 'BikiniBottomTwitter', 'curledfeetsies', 'XVcrosstrek', 'Reno', 'Random_Acts_Of_Pizza', 'depression', 'TrueOffMyChest', '1500isplenty', '1200isplenty', 'DogsMirin', 'learnprogramming', 'Unemployed', 'PenmanshipPorn', 'tippytaps', 'lesbianfashionadvice', 'Eyebleach', 'MomForAMinute']",Jsweezy26,0,63,False,37,"hey everyone. i've stayed away from making a request, mostly because i've always felt like there are people who definitely need it more, but i'm just at the end of my rope. 

i've had a super stressful pregnancy, i've had hg this whole time. the only anti nausea i can take makes me so constipated i stop digesting food. i've tested positive for strep b, and they discovered possible cervical cancer that has to be biopsied post-partum. yesterday, my two year old came home from her fathers with questionable marks and today i met with my mandated state worker to see if a call to dcfs was warranted (and made the final decision to leave it up to her doctor, who we see tomorrow morning). we're stuck in a one bedroom with my narcissistic mother for just a few more weeks max, but it feels like eternity when its taking such a toll on my mental health.

my predicament is that, were low on food and it's the end of the month. i'm literally getting my membrane swept tomorrow to send me into labour, with any luck, right after my daughters doctor appointment, and i do *not* feel like cooking tonight. we don't have much anyways. right now, i just want pizza and to not worry for like an hour. we usually make some, but were really low on ingredients and don't have the necessary prep. more than anything, i just want to do something nice for my boyfriend and my daughter, too, because he's been incredible and she's doing great with potty training today.

we're located in central illinois, pizza chains around us are pretty normal, we've got pizza hut, papa john's and dominoes. 

if you can't fulfill the request, i just want to thank you from the bottom of my heart for reading my woes. i don't have anyone to talk to outside of my boyfriend and my sister, both of which i try not to concern too much with my emotional state since my physical one has been worrisome enough this pregnancy. i hope everyone reading this has an amazing night.","[REQUEST] 9 months pregnant, stressed to my limits. Pizza is my request but kind words would be really nice, too.",https://www.reddit.com/r/Random_Acts_Of_Pizza/comments/b5wnx8/request_9_months_pregnant_stressed_to_my_limits/,1392.0,False,0.0,0.0,3.0,1.0,1,"['UpliftingNews', 'funny', 'EatCheapAndHealthy', 'therewasanattempt', 'news', 'UnresolvedMysteries', 'raisedbynarcissists', 'stevenuniverse', 'offmychest', 'worldnews', 'tifu', 'AskReddit', 'television', 'Food_Pantry', 'LifeProTips', 'MaliciousCompliance', 'GamePhysics', 'TheKingofRandom', 'videos', 'mildlyinteresting', 'gifs', 'gatekeeping', 'gaming', 'nosleep', 'DiWHY', 'TwoXChromosomes', 'suggestmeabook', 'BPD', 'todayilearned', 'science', 'legaladvice', 'Random_Acts_Of_Pizza', 'CODZombies', 'DetroitBecomeHuman', 'drugstoreMUA', 'explainlikeimfive', 'NoStupidQuestions', 'Showerthoughts', 'Assistance', 'DumpsterDiving', 'Pareidolia', 'MandelaEffect']",Recipient (Got 1),ClintBartonn,1553641280.0
7507ec,[],,0,5,False,3,i’m babysitting. the child has since passed out and i can’t leave to get something. there’s not much here to eat. a pizza would be badass right now.,[REQUEST] babysitting,https://www.reddit.com/r/Random_Acts_Of_Pizza/comments/7507ec/request_babysitting/,1354.0,True,0.0,0.0,0.0,1.0,0,"['MovieDetails', 'teenmom', 'funny', 'facepalm', 'Parenting', 'news', 'WTF', 'AskReddit', 'LifeProTips', 'IAmA', 'Music', 'entertainment', 'lastimages', 'reactiongifs', 'jerseyshore', 'todayilearned', 'AskWomen', 'TrollXChromosomes', 'movies', 'AdviceAnimals', 'xxketo', 'BravoRealHousewives', 'CountingOn', 'MtvChallenge', 'medicalschool', 'TeenMomOGandTeenMom2', 'confession', 'pics']",Big Fish  (275),WittiestScreenName,1507443778.0
7c2uo1,"['LetsNotMeet', 'Random_Acts_Of_Pizza']",bobbyshark,0,6,True,6,"i am in a lame spot. i am sitting in the office on the weekend, am hungry. would love a pizza. will pay it forward two-fold on payday! i can also teach you about pivot tables.",[REQUEST] Working on a holiday. Broke until payday.,https://www.reddit.com/r/Random_Acts_Of_Pizza/comments/7c2uo1/request_working_on_a_holiday_broke_until_payday/,1253.0,True,0.0,0.0,0.0,1.0,1,"['PSVR', 'trippinthroughtime', 'iamatotalpieceofshit', 'mildlyinfuriating', 'OldSchoolCool', 'MBMBAM', 'therewasanattempt', 'sadcringe', 'ofcoursethatsathing', 'u_TeamROCCAT', 'powerwashingporn', 'IAmA', 'MechanicalKeyboards', 'AccidentalWesAnderson', 'CorporateFacepalm', 'thedivision', 'soylent', 'unpopularopinion', 'leaves', 'NetflixBestOf', 'Surface', 'FashionReps', 'masterhacker', 'longboarding', 'rant', 'me_irl', 'bonehurtingjuice', 'BoneAppleTea', 'ElectricSkateboarding', 'poker', 'MemeEconomy', 'pebble', 'FellowKids', 'CozyPlaces', 'recruitinghell', 'AskReddit', 'dogswithjobs', 'hotdogs', 'forexposure', 'airsoft', 'philadelphia', 'shutupandtakemymoney', 'todayilearned', 'AskWomen', 'ihavesex', 'kickstarter', 'iamveryrich', 'crappyoffbrands', 'delusionalcraigslist', 'DesignerReps', 'ABoringDystopia', 'Battletops', '4PanelCringe', 'UpliftingNews', 'dogpictures', 'Tinder', 'BlackPeopleTwitter', 'FunnyandSad', 'tifu', 'AmateurRoomPorn', 'aww', 'combinedgifs', 'SweatyPalms', 'wholesomegifs', 'whitepeoplegifs', 'quityourbullshit', 'DiWHY', 'trashyboners', 'WTFwish', 'AwardSpeechEdits', 'unturned', 'MovieDetails', 'facepalm', 'WordAvalanches', 'JustLearnedTheFWord', 'ComedyCemetery', 'HIMYM', 'IncelTears', 'gifs', 'gaming', 'ChoosingBeggars', 'softwaregore', 'antiMLM', 'pitbulls', 'starterpacks', 'LateStageCapitalism', 'EDC', 'Perfectfit', 'airsoftcirclejerk', 'nostalgia', 'Art']",Recipient (Got 1),nat2r,1510337613.0
